{
    "answers": {
        "request0001": [
            {
                "result": true
            },
            [
                {
                    "doc_id": 2,
                    "rank": 1.0
                },
                {
                    "doc_id": 0,
                    "rank": 0.699999988079071
                },
                {
                    "doc_id": 1,
                    "rank": 0.30000001192092896
                }
            ]
        ],
        "request0002": [
            {
                "result": false
            }
        ]
    }
}